series_id,surface
0,hard_tiles_large_space
1,soft_pvc
2,tiled
3,carpet
4,soft_tiles
5,concrete
6,concrete
7,hard_tiles_large_space
8,wood
9,wood
10,concrete
11,tiled
12,wood
13,soft_tiles
14,fine_concrete
15,wood
16,wood
17,soft_tiles
18,fine_concrete
19,soft_pvc
20,wood
21,wood
22,soft_pvc
23,hard_tiles_large_space
24,concrete
25,wood
26,concrete
27,tiled
28,wood
29,hard_tiles_large_space
30,hard_tiles
31,soft_pvc
32,concrete
33,soft_pvc
34,soft_pvc
35,soft_pvc
36,soft_pvc
37,soft_pvc
38,soft_pvc
39,soft_pvc
40,carpet
41,soft_pvc
42,carpet
43,carpet
44,soft_pvc
45,soft_tiles
46,wood
47,concrete
48,wood
49,wood
50,wood
51,soft_tiles
52,soft_pvc
53,wood
54,soft_pvc
55,wood
56,tiled
57,wood
58,hard_tiles
59,hard_tiles_large_space
60,wood
61,fine_concrete
62,wood
63,concrete
64,concrete
65,fine_concrete
66,soft_pvc
67,soft_pvc
68,soft_pvc
69,concrete
70,wood
71,soft_pvc
72,concrete
73,wood
74,hard_tiles_large_space
75,fine_concrete
76,tiled
77,soft_pvc
78,concrete
79,soft_pvc
80,soft_tiles
81,tiled
82,wood
83,tiled
84,concrete
85,soft_pvc
86,fine_concrete
87,concrete
88,carpet
89,concrete
90,fine_concrete
91,concrete
92,soft_tiles
93,concrete
94,tiled
95,fine_concrete
96,fine_concrete
97,concrete
98,soft_tiles
99,wood
100,concrete
101,hard_tiles_large_space
102,soft_tiles
103,wood
104,wood
105,hard_tiles_large_space
106,concrete
107,hard_tiles
108,wood
109,tiled
110,soft_pvc
111,wood
112,soft_pvc
113,fine_concrete
114,hard_tiles_large_space
115,soft_tiles
116,wood
117,hard_tiles
118,hard_tiles_large_space
119,soft_pvc
120,soft_pvc
121,wood
122,fine_concrete
123,hard_tiles_large_space
124,wood
125,wood
126,tiled
127,wood
128,fine_concrete
129,concrete
130,wood
131,concrete
132,soft_pvc
133,hard_tiles_large_space
134,hard_tiles_large_space
135,carpet
136,fine_concrete
137,wood
138,hard_tiles
139,soft_pvc
140,soft_tiles
141,wood
142,fine_concrete
143,soft_pvc
144,hard_tiles_large_space
145,carpet
146,carpet
147,concrete
148,concrete
149,fine_concrete
150,soft_tiles
151,soft_pvc
152,carpet
153,hard_tiles
154,soft_pvc
155,soft_pvc
156,tiled
157,carpet
158,tiled
159,hard_tiles_large_space
160,soft_pvc
161,hard_tiles_large_space
162,soft_pvc
163,wood
164,hard_tiles
165,wood
166,soft_pvc
167,hard_tiles_large_space
168,soft_tiles
169,hard_tiles_large_space
170,concrete
171,hard_tiles
172,wood
173,hard_tiles
174,fine_concrete
175,hard_tiles_large_space
176,tiled
177,concrete
178,concrete
179,hard_tiles_large_space
180,concrete
181,fine_concrete
182,soft_pvc
183,hard_tiles
184,concrete
185,hard_tiles_large_space
186,tiled
187,soft_pvc
188,wood
189,carpet
190,soft_pvc
191,wood
192,hard_tiles
193,fine_concrete
194,soft_pvc
195,soft_pvc
196,wood
197,soft_tiles
198,carpet
199,wood
200,concrete
201,soft_pvc
202,soft_tiles
203,hard_tiles_large_space
204,soft_tiles
205,wood
206,soft_pvc
207,wood
208,soft_pvc
209,concrete
210,wood
211,wood
212,soft_pvc
213,carpet
214,wood
215,carpet
216,soft_tiles
217,concrete
218,soft_pvc
219,concrete
220,soft_pvc
221,soft_pvc
222,concrete
223,fine_concrete
224,wood
225,soft_pvc
226,wood
227,soft_pvc
228,hard_tiles
229,tiled
230,wood
231,fine_concrete
232,concrete
233,soft_pvc
234,concrete
235,soft_pvc
236,soft_pvc
237,concrete
238,concrete
239,fine_concrete
240,concrete
241,tiled
242,tiled
243,fine_concrete
244,wood
245,fine_concrete
246,soft_tiles
247,hard_tiles_large_space
248,concrete
249,concrete
250,tiled
251,carpet
252,wood
253,hard_tiles_large_space
254,concrete
255,soft_pvc
256,soft_pvc
257,fine_concrete
258,hard_tiles
259,soft_tiles
260,concrete
261,soft_pvc
262,soft_pvc
263,concrete
264,concrete
265,soft_tiles
266,hard_tiles_large_space
267,tiled
268,wood
269,soft_pvc
270,fine_concrete
271,soft_tiles
272,carpet
273,soft_tiles
274,fine_concrete
275,hard_tiles_large_space
276,tiled
277,wood
278,soft_pvc
279,soft_tiles
280,carpet
281,hard_tiles
282,fine_concrete
283,carpet
284,soft_pvc
285,wood
286,soft_pvc
287,concrete
288,tiled
289,hard_tiles_large_space
290,hard_tiles_large_space
291,hard_tiles_large_space
292,hard_tiles_large_space
293,soft_tiles
294,concrete
295,fine_concrete
296,fine_concrete
297,concrete
298,soft_tiles
299,fine_concrete
300,soft_pvc
301,wood
302,soft_tiles
303,wood
304,concrete
305,fine_concrete
306,tiled
307,wood
308,fine_concrete
309,concrete
310,hard_tiles_large_space
311,fine_concrete
312,wood
313,concrete
314,soft_pvc
315,fine_concrete
316,wood
317,wood
318,hard_tiles_large_space
319,wood
320,concrete
321,hard_tiles
322,tiled
323,soft_tiles
324,tiled
325,hard_tiles_large_space
326,tiled
327,carpet
328,fine_concrete
329,soft_pvc
330,tiled
331,soft_pvc
332,tiled
333,soft_pvc
334,concrete
335,concrete
336,concrete
337,wood
338,fine_concrete
339,wood
340,soft_pvc
341,concrete
342,wood
343,soft_tiles
344,wood
345,concrete
346,fine_concrete
347,carpet
348,concrete
349,soft_pvc
350,tiled
351,carpet
352,tiled
353,wood
354,wood
355,concrete
356,soft_tiles
357,soft_tiles
358,wood
359,wood
360,wood
361,concrete
362,concrete
363,hard_tiles_large_space
364,tiled
365,carpet
366,soft_pvc
367,wood
368,soft_tiles
369,concrete
370,wood
371,soft_pvc
372,soft_pvc
373,concrete
374,hard_tiles_large_space
375,wood
376,soft_tiles
377,tiled
378,fine_concrete
379,fine_concrete
380,hard_tiles_large_space
381,soft_tiles
382,wood
383,hard_tiles_large_space
384,fine_concrete
385,concrete
386,concrete
387,soft_tiles
388,tiled
389,wood
390,soft_tiles
391,wood
392,concrete
393,soft_pvc
394,fine_concrete
395,soft_tiles
396,fine_concrete
397,fine_concrete
398,concrete
399,concrete
400,tiled
401,soft_pvc
402,carpet
403,wood
404,wood
405,soft_tiles
406,hard_tiles
407,fine_concrete
408,wood
409,soft_pvc
410,hard_tiles_large_space
411,wood
412,concrete
413,soft_pvc
414,carpet
415,concrete
416,concrete
417,soft_pvc
418,soft_tiles
419,tiled
420,wood
421,wood
422,tiled
423,wood
424,wood
425,soft_pvc
426,carpet
427,soft_pvc
428,hard_tiles_large_space
429,concrete
430,hard_tiles_large_space
431,wood
432,soft_pvc
433,concrete
434,soft_tiles
435,wood
436,concrete
437,soft_tiles
438,wood
439,wood
440,wood
441,soft_tiles
442,soft_pvc
443,soft_pvc
444,wood
445,fine_concrete
446,hard_tiles_large_space
447,hard_tiles_large_space
448,wood
449,wood
450,soft_pvc
451,concrete
452,wood
453,wood
454,soft_tiles
455,concrete
456,concrete
457,soft_pvc
458,soft_pvc
459,soft_pvc
460,soft_tiles
461,fine_concrete
462,wood
463,hard_tiles_large_space
464,carpet
465,fine_concrete
466,fine_concrete
467,soft_tiles
468,soft_tiles
469,soft_tiles
470,soft_pvc
471,soft_tiles
472,concrete
473,concrete
474,hard_tiles_large_space
475,hard_tiles
476,wood
477,concrete
478,soft_pvc
479,wood
480,soft_tiles
481,tiled
482,concrete
483,hard_tiles_large_space
484,wood
485,concrete
486,concrete
487,concrete
488,wood
489,wood
490,carpet
491,soft_pvc
492,concrete
493,carpet
494,soft_pvc
495,soft_pvc
496,wood
497,concrete
498,hard_tiles_large_space
499,concrete
500,hard_tiles_large_space
501,wood
502,tiled
503,tiled
504,soft_pvc
505,fine_concrete
506,hard_tiles_large_space
507,concrete
508,soft_tiles
509,wood
510,soft_pvc
511,soft_tiles
512,soft_pvc
513,soft_tiles
514,soft_pvc
515,tiled
516,fine_concrete
517,wood
518,hard_tiles_large_space
519,soft_tiles
520,concrete
521,soft_tiles
522,fine_concrete
523,soft_pvc
524,fine_concrete
525,hard_tiles_large_space
526,soft_pvc
527,hard_tiles_large_space
528,wood
529,concrete
530,wood
531,soft_pvc
532,soft_pvc
533,carpet
534,concrete
535,wood
536,concrete
537,soft_tiles
538,wood
539,wood
540,concrete
541,carpet
542,soft_pvc
543,concrete
544,soft_pvc
545,carpet
546,wood
547,wood
548,concrete
549,hard_tiles_large_space
550,carpet
551,soft_tiles
552,carpet
553,concrete
554,soft_tiles
555,tiled
556,wood
557,wood
558,fine_concrete
559,soft_pvc
560,soft_pvc
561,fine_concrete
562,concrete
563,fine_concrete
564,soft_pvc
565,hard_tiles_large_space
566,tiled
567,wood
568,soft_tiles
569,soft_pvc
570,tiled
571,carpet
572,carpet
573,soft_pvc
574,wood
575,wood
576,concrete
577,concrete
578,tiled
579,concrete
580,wood
581,concrete
582,concrete
583,soft_tiles
584,concrete
585,soft_pvc
586,soft_pvc
587,soft_pvc
588,soft_pvc
589,concrete
590,wood
591,fine_concrete
592,wood
593,hard_tiles_large_space
594,soft_tiles
595,carpet
596,hard_tiles_large_space
597,wood
598,tiled
599,concrete
600,hard_tiles_large_space
601,carpet
602,soft_pvc
603,soft_pvc
604,hard_tiles
605,wood
606,soft_tiles
607,concrete
608,hard_tiles_large_space
609,soft_pvc
610,hard_tiles_large_space
611,soft_pvc
612,fine_concrete
613,wood
614,fine_concrete
615,wood
616,hard_tiles_large_space
617,concrete
618,concrete
619,soft_tiles
620,concrete
621,soft_tiles
622,fine_concrete
623,fine_concrete
624,fine_concrete
625,soft_tiles
626,soft_pvc
627,soft_pvc
628,soft_tiles
629,soft_pvc
630,carpet
631,wood
632,wood
633,wood
634,carpet
635,concrete
636,soft_tiles
637,concrete
638,carpet
639,hard_tiles_large_space
640,soft_pvc
641,hard_tiles_large_space
642,concrete
643,tiled
644,soft_tiles
645,carpet
646,wood
647,hard_tiles_large_space
648,fine_concrete
649,hard_tiles_large_space
650,wood
651,soft_tiles
652,concrete
653,fine_concrete
654,fine_concrete
655,wood
656,tiled
657,soft_pvc
658,hard_tiles_large_space
659,concrete
660,fine_concrete
661,concrete
662,soft_pvc
663,concrete
664,hard_tiles_large_space
665,tiled
666,soft_pvc
667,tiled
668,soft_pvc
669,carpet
670,fine_concrete
671,fine_concrete
672,tiled
673,wood
674,soft_pvc
675,wood
676,soft_tiles
677,concrete
678,soft_pvc
679,fine_concrete
680,soft_pvc
681,fine_concrete
682,concrete
683,soft_tiles
684,soft_pvc
685,wood
686,wood
687,concrete
688,soft_pvc
689,wood
690,tiled
691,hard_tiles
692,fine_concrete
693,hard_tiles
694,wood
695,soft_tiles
696,soft_tiles
697,wood
698,soft_tiles
699,soft_pvc
700,wood
701,concrete
702,soft_pvc
703,tiled
704,soft_tiles
705,wood
706,concrete
707,soft_pvc
708,fine_concrete
709,fine_concrete
710,soft_tiles
711,concrete
712,hard_tiles_large_space
713,wood
714,carpet
715,hard_tiles_large_space
716,hard_tiles_large_space
717,soft_pvc
718,wood
719,soft_tiles
720,soft_tiles
721,wood
722,hard_tiles_large_space
723,concrete
724,soft_pvc
725,concrete
726,concrete
727,wood
728,soft_pvc
729,hard_tiles_large_space
730,tiled
731,hard_tiles_large_space
732,hard_tiles_large_space
733,concrete
734,concrete
735,concrete
736,hard_tiles
737,concrete
738,fine_concrete
739,fine_concrete
740,hard_tiles_large_space
741,soft_pvc
742,concrete
743,fine_concrete
744,soft_pvc
745,soft_pvc
746,concrete
747,concrete
748,hard_tiles
749,soft_pvc
750,soft_tiles
751,soft_tiles
752,concrete
753,fine_concrete
754,soft_pvc
755,concrete
756,concrete
757,soft_tiles
758,hard_tiles
759,soft_pvc
760,soft_pvc
761,hard_tiles_large_space
762,hard_tiles_large_space
763,soft_pvc
764,soft_tiles
765,wood
766,carpet
767,concrete
768,soft_pvc
769,fine_concrete
770,soft_pvc
771,concrete
772,wood
773,fine_concrete
774,wood
775,soft_pvc
776,concrete
777,soft_pvc
778,carpet
779,concrete
780,soft_pvc
781,concrete
782,wood
783,soft_tiles
784,soft_pvc
785,concrete
786,soft_pvc
787,soft_pvc
788,hard_tiles_large_space
789,wood
790,fine_concrete
791,wood
792,carpet
793,hard_tiles_large_space
794,concrete
795,fine_concrete
796,hard_tiles
797,fine_concrete
798,hard_tiles_large_space
799,concrete
800,wood
801,concrete
802,hard_tiles_large_space
803,wood
804,hard_tiles_large_space
805,fine_concrete
806,soft_pvc
807,hard_tiles_large_space
808,concrete
809,concrete
810,soft_pvc
811,wood
812,soft_tiles
813,concrete
814,soft_tiles
815,soft_pvc
816,soft_tiles
817,soft_tiles
818,soft_tiles
819,soft_pvc
820,wood
821,concrete
822,concrete
823,soft_pvc
824,concrete
825,carpet
826,soft_tiles
827,carpet
828,soft_tiles
829,wood
830,soft_pvc
831,concrete
832,hard_tiles_large_space
833,wood
834,wood
835,concrete
836,soft_pvc
837,fine_concrete
838,wood
839,fine_concrete
840,soft_pvc
841,concrete
842,fine_concrete
843,fine_concrete
844,soft_pvc
845,concrete
846,fine_concrete
847,concrete
848,tiled
849,soft_tiles
850,wood
851,soft_pvc
852,concrete
853,concrete
854,concrete
855,fine_concrete
856,hard_tiles_large_space
857,wood
858,concrete
859,wood
860,soft_tiles
861,soft_tiles
862,soft_pvc
863,concrete
864,tiled
865,carpet
866,carpet
867,soft_tiles
868,concrete
869,hard_tiles_large_space
870,soft_tiles
871,wood
872,tiled
873,concrete
874,hard_tiles_large_space
875,carpet
876,tiled
877,soft_pvc
878,tiled
879,wood
880,wood
881,carpet
882,soft_tiles
883,soft_tiles
884,soft_tiles
885,wood
886,concrete
887,tiled
888,soft_pvc
889,soft_pvc
890,concrete
891,fine_concrete
892,soft_pvc
893,concrete
894,concrete
895,soft_pvc
896,wood
897,concrete
898,tiled
899,soft_pvc
900,wood
901,soft_pvc
902,concrete
903,wood
904,tiled
905,wood
906,fine_concrete
907,soft_tiles
908,wood
909,soft_pvc
910,concrete
911,concrete
912,carpet
913,hard_tiles_large_space
914,wood
915,hard_tiles
916,soft_tiles
917,tiled
918,fine_concrete
919,soft_tiles
920,soft_pvc
921,soft_pvc
922,hard_tiles_large_space
923,hard_tiles_large_space
924,wood
925,concrete
926,concrete
927,wood
928,wood
929,tiled
930,fine_concrete
931,tiled
932,wood
933,concrete
934,carpet
935,carpet
936,fine_concrete
937,soft_pvc
938,soft_pvc
939,concrete
940,concrete
941,concrete
942,tiled
943,wood
944,carpet
945,wood
946,carpet
947,soft_tiles
948,concrete
949,concrete
950,concrete
951,soft_pvc
952,concrete
953,carpet
954,concrete
955,concrete
956,wood
957,soft_pvc
958,soft_tiles
959,fine_concrete
960,wood
961,fine_concrete
962,tiled
963,fine_concrete
964,concrete
965,wood
966,wood
967,carpet
968,concrete
969,carpet
970,fine_concrete
971,soft_pvc
972,wood
973,concrete
974,soft_pvc
975,soft_pvc
976,concrete
977,soft_pvc
978,wood
979,hard_tiles_large_space
980,soft_pvc
981,wood
982,wood
983,soft_tiles
984,concrete
985,hard_tiles_large_space
986,concrete
987,wood
988,concrete
989,fine_concrete
990,fine_concrete
991,soft_pvc
992,wood
993,tiled
994,concrete
995,wood
996,concrete
997,soft_pvc
998,concrete
999,concrete
1000,wood
1001,concrete
1002,concrete
1003,concrete
1004,hard_tiles
1005,fine_concrete
1006,fine_concrete
1007,fine_concrete
1008,hard_tiles_large_space
1009,tiled
1010,concrete
1011,concrete
1012,carpet
1013,wood
1014,concrete
1015,wood
1016,concrete
1017,concrete
1018,soft_pvc
1019,wood
1020,hard_tiles
1021,hard_tiles_large_space
1022,concrete
1023,concrete
1024,soft_tiles
1025,carpet
1026,soft_pvc
1027,soft_tiles
1028,concrete
1029,hard_tiles_large_space
1030,wood
1031,concrete
1032,concrete
1033,fine_concrete
1034,hard_tiles_large_space
1035,carpet
1036,soft_pvc
1037,soft_pvc
1038,soft_pvc
1039,soft_pvc
1040,fine_concrete
1041,wood
1042,soft_pvc
1043,soft_pvc
1044,wood
1045,fine_concrete
1046,fine_concrete
1047,soft_pvc
1048,carpet
1049,soft_pvc
1050,fine_concrete
1051,soft_pvc
1052,carpet
1053,soft_pvc
1054,soft_pvc
1055,soft_tiles
1056,soft_pvc
1057,fine_concrete
1058,concrete
1059,fine_concrete
1060,soft_pvc
1061,soft_pvc
1062,hard_tiles_large_space
1063,carpet
1064,tiled
1065,soft_tiles
1066,fine_concrete
1067,tiled
1068,concrete
1069,soft_tiles
1070,hard_tiles_large_space
1071,fine_concrete
1072,soft_pvc
1073,concrete
1074,wood
1075,fine_concrete
1076,fine_concrete
1077,carpet
1078,soft_pvc
1079,soft_tiles
1080,soft_tiles
1081,hard_tiles_large_space
1082,fine_concrete
1083,concrete
1084,fine_concrete
1085,tiled
1086,fine_concrete
1087,soft_pvc
1088,wood
1089,wood
1090,soft_pvc
1091,fine_concrete
1092,tiled
1093,concrete
1094,fine_concrete
1095,tiled
1096,fine_concrete
1097,concrete
1098,soft_pvc
1099,concrete
1100,soft_pvc
1101,soft_pvc
1102,soft_tiles
1103,wood
1104,concrete
1105,wood
1106,tiled
1107,soft_pvc
1108,wood
1109,concrete
1110,carpet
1111,soft_tiles
1112,wood
1113,wood
1114,soft_pvc
1115,wood
1116,wood
1117,soft_pvc
1118,wood
1119,fine_concrete
1120,hard_tiles_large_space
1121,wood
1122,soft_pvc
1123,soft_pvc
1124,tiled
1125,wood
1126,concrete
1127,hard_tiles_large_space
1128,soft_pvc
1129,concrete
1130,hard_tiles
1131,wood
1132,concrete
1133,fine_concrete
1134,soft_pvc
1135,fine_concrete
1136,tiled
1137,wood
1138,soft_pvc
1139,concrete
1140,wood
1141,concrete
1142,fine_concrete
1143,wood
1144,soft_tiles
1145,fine_concrete
1146,fine_concrete
1147,soft_tiles
1148,concrete
1149,fine_concrete
1150,carpet
1151,concrete
1152,soft_pvc
1153,concrete
1154,wood
1155,concrete
1156,soft_pvc
1157,tiled
1158,fine_concrete
1159,soft_pvc
1160,fine_concrete
1161,fine_concrete
1162,fine_concrete
1163,concrete
1164,soft_pvc
1165,wood
1166,fine_concrete
1167,wood
1168,wood
1169,wood
1170,concrete
1171,wood
1172,hard_tiles_large_space
1173,soft_pvc
1174,soft_pvc
1175,concrete
1176,hard_tiles_large_space
1177,wood
1178,fine_concrete
1179,hard_tiles_large_space
1180,fine_concrete
1181,soft_pvc
1182,soft_pvc
1183,wood
1184,hard_tiles_large_space
1185,concrete
1186,tiled
1187,hard_tiles_large_space
1188,tiled
1189,soft_tiles
1190,hard_tiles_large_space
1191,soft_tiles
1192,tiled
1193,carpet
1194,soft_tiles
1195,soft_pvc
1196,wood
1197,soft_pvc
1198,wood
1199,soft_pvc
1200,tiled
1201,concrete
1202,soft_pvc
1203,concrete
1204,soft_pvc
1205,soft_tiles
1206,soft_pvc
1207,soft_tiles
1208,concrete
1209,soft_pvc
1210,hard_tiles_large_space
1211,tiled
1212,soft_pvc
1213,soft_pvc
1214,fine_concrete
1215,fine_concrete
1216,hard_tiles_large_space
1217,concrete
1218,wood
1219,wood
1220,soft_pvc
1221,wood
1222,soft_pvc
1223,soft_pvc
1224,soft_tiles
1225,wood
1226,wood
1227,soft_pvc
1228,wood
1229,hard_tiles
1230,hard_tiles
1231,fine_concrete
1232,concrete
1233,wood
1234,concrete
1235,wood
1236,soft_pvc
1237,concrete
1238,hard_tiles_large_space
1239,concrete
1240,concrete
1241,wood
1242,wood
1243,concrete
1244,fine_concrete
1245,wood
1246,wood
1247,tiled
1248,concrete
1249,concrete
1250,soft_pvc
1251,concrete
1252,concrete
1253,soft_pvc
1254,fine_concrete
1255,concrete
1256,soft_pvc
1257,hard_tiles
1258,wood
1259,concrete
1260,wood
1261,concrete
1262,soft_tiles
1263,wood
1264,hard_tiles_large_space
1265,soft_pvc
1266,hard_tiles_large_space
1267,soft_pvc
1268,soft_pvc
1269,fine_concrete
1270,soft_tiles
1271,hard_tiles_large_space
1272,soft_pvc
1273,wood
1274,wood
1275,soft_pvc
1276,wood
1277,concrete
1278,hard_tiles_large_space
1279,soft_tiles
1280,concrete
1281,hard_tiles_large_space
1282,fine_concrete
1283,wood
1284,soft_pvc
1285,fine_concrete
1286,tiled
1287,concrete
1288,soft_tiles
1289,soft_tiles
1290,concrete
1291,carpet
1292,wood
1293,hard_tiles_large_space
1294,wood
1295,tiled
1296,concrete
1297,concrete
1298,tiled
1299,soft_tiles
1300,concrete
1301,fine_concrete
1302,carpet
1303,fine_concrete
1304,concrete
1305,soft_pvc
1306,hard_tiles_large_space
1307,soft_tiles
1308,fine_concrete
1309,concrete
1310,concrete
1311,wood
1312,concrete
1313,wood
1314,fine_concrete
1315,soft_tiles
1316,concrete
1317,soft_pvc
1318,soft_pvc
1319,wood
1320,tiled
1321,carpet
1322,hard_tiles_large_space
1323,soft_tiles
1324,fine_concrete
1325,hard_tiles_large_space
1326,concrete
1327,fine_concrete
1328,soft_pvc
1329,tiled
1330,wood
1331,soft_tiles
1332,carpet
1333,concrete
1334,concrete
1335,tiled
1336,fine_concrete
1337,carpet
1338,wood
1339,soft_pvc
1340,soft_pvc
1341,wood
1342,hard_tiles
1343,soft_pvc
1344,soft_pvc
1345,soft_pvc
1346,soft_pvc
1347,fine_concrete
1348,tiled
1349,hard_tiles_large_space
1350,concrete
1351,concrete
1352,soft_pvc
1353,soft_pvc
1354,soft_tiles
1355,concrete
1356,carpet
1357,soft_pvc
1358,soft_tiles
1359,soft_tiles
1360,carpet
1361,hard_tiles_large_space
1362,hard_tiles_large_space
1363,soft_pvc
1364,concrete
1365,hard_tiles_large_space
1366,carpet
1367,fine_concrete
1368,tiled
1369,soft_pvc
1370,fine_concrete
1371,hard_tiles_large_space
1372,wood
1373,soft_tiles
1374,soft_tiles
1375,hard_tiles_large_space
1376,concrete
1377,concrete
1378,fine_concrete
1379,tiled
1380,concrete
1381,tiled
1382,fine_concrete
1383,concrete
1384,hard_tiles_large_space
1385,wood
1386,concrete
1387,fine_concrete
1388,soft_pvc
1389,concrete
1390,soft_pvc
1391,concrete
1392,soft_pvc
1393,fine_concrete
1394,fine_concrete
1395,concrete
1396,fine_concrete
1397,concrete
1398,soft_pvc
1399,wood
1400,hard_tiles
1401,carpet
1402,hard_tiles_large_space
1403,soft_tiles
1404,soft_tiles
1405,hard_tiles_large_space
1406,concrete
1407,soft_tiles
1408,tiled
1409,carpet
1410,concrete
1411,carpet
1412,hard_tiles_large_space
1413,soft_pvc
1414,soft_pvc
1415,soft_tiles
1416,wood
1417,soft_tiles
1418,wood
1419,tiled
1420,wood
1421,wood
1422,concrete
1423,soft_pvc
1424,concrete
1425,soft_tiles
1426,soft_tiles
1427,hard_tiles_large_space
1428,soft_tiles
1429,wood
1430,hard_tiles
1431,hard_tiles_large_space
1432,concrete
1433,fine_concrete
1434,soft_pvc
1435,carpet
1436,tiled
1437,fine_concrete
1438,soft_tiles
1439,soft_pvc
1440,soft_tiles
1441,soft_pvc
1442,soft_pvc
1443,tiled
1444,soft_pvc
1445,wood
1446,hard_tiles_large_space
1447,concrete
1448,concrete
1449,soft_pvc
1450,concrete
1451,soft_pvc
1452,soft_pvc
1453,hard_tiles_large_space
1454,wood
1455,carpet
1456,soft_pvc
1457,soft_pvc
1458,concrete
1459,concrete
1460,soft_tiles
1461,soft_pvc
1462,hard_tiles_large_space
1463,soft_pvc
1464,hard_tiles_large_space
1465,tiled
1466,tiled
1467,carpet
1468,soft_tiles
1469,soft_tiles
1470,wood
1471,concrete
1472,soft_pvc
1473,concrete
1474,hard_tiles_large_space
1475,hard_tiles_large_space
1476,soft_pvc
1477,soft_pvc
1478,soft_pvc
1479,concrete
1480,hard_tiles_large_space
1481,wood
1482,concrete
1483,soft_pvc
1484,soft_tiles
1485,soft_pvc
1486,wood
1487,concrete
1488,tiled
1489,hard_tiles
1490,wood
1491,wood
1492,soft_pvc
1493,wood
1494,hard_tiles_large_space
1495,soft_pvc
1496,wood
1497,tiled
1498,soft_pvc
1499,concrete
1500,soft_pvc
1501,fine_concrete
1502,concrete
1503,hard_tiles_large_space
1504,wood
1505,soft_pvc
1506,wood
1507,soft_pvc
1508,wood
1509,wood
1510,hard_tiles_large_space
1511,tiled
1512,concrete
1513,carpet
1514,hard_tiles_large_space
1515,wood
1516,carpet
1517,soft_tiles
1518,soft_pvc
1519,soft_pvc
1520,carpet
1521,wood
1522,soft_tiles
1523,soft_tiles
1524,wood
1525,fine_concrete
1526,hard_tiles_large_space
1527,hard_tiles_large_space
1528,wood
1529,fine_concrete
1530,wood
1531,soft_pvc
1532,concrete
1533,soft_tiles
1534,concrete
1535,fine_concrete
1536,tiled
1537,soft_pvc
1538,carpet
1539,concrete
1540,wood
1541,fine_concrete
1542,concrete
1543,soft_pvc
1544,soft_tiles
1545,soft_tiles
1546,tiled
1547,wood
1548,soft_tiles
1549,tiled
1550,wood
1551,hard_tiles_large_space
1552,soft_tiles
1553,wood
1554,tiled
1555,wood
1556,concrete
1557,wood
1558,fine_concrete
1559,soft_pvc
1560,soft_tiles
1561,soft_tiles
1562,tiled
1563,tiled
1564,fine_concrete
1565,concrete
1566,wood
1567,concrete
1568,wood
1569,soft_pvc
1570,concrete
1571,concrete
1572,soft_tiles
1573,concrete
1574,hard_tiles_large_space
1575,soft_tiles
1576,soft_tiles
1577,hard_tiles_large_space
1578,tiled
1579,concrete
1580,carpet
1581,soft_pvc
1582,concrete
1583,carpet
1584,concrete
1585,concrete
1586,concrete
1587,carpet
1588,concrete
1589,hard_tiles_large_space
1590,hard_tiles_large_space
1591,wood
1592,wood
1593,hard_tiles
1594,wood
1595,concrete
1596,tiled
1597,soft_pvc
1598,soft_tiles
1599,tiled
1600,concrete
1601,wood
1602,wood
1603,soft_tiles
1604,soft_tiles
1605,soft_pvc
1606,tiled
1607,hard_tiles_large_space
1608,hard_tiles_large_space
1609,wood
1610,hard_tiles_large_space
1611,soft_pvc
1612,hard_tiles_large_space
1613,wood
1614,soft_tiles
1615,soft_tiles
1616,soft_tiles
1617,fine_concrete
1618,soft_pvc
1619,soft_pvc
1620,fine_concrete
1621,hard_tiles_large_space
1622,tiled
1623,soft_tiles
1624,soft_tiles
1625,soft_pvc
1626,soft_tiles
1627,fine_concrete
1628,hard_tiles_large_space
1629,soft_pvc
1630,wood
1631,soft_tiles
1632,fine_concrete
1633,soft_pvc
1634,carpet
1635,wood
1636,soft_tiles
1637,fine_concrete
1638,hard_tiles_large_space
1639,soft_pvc
1640,wood
1641,soft_tiles
1642,fine_concrete
1643,fine_concrete
1644,wood
1645,soft_pvc
1646,soft_tiles
1647,concrete
1648,soft_tiles
1649,wood
1650,carpet
1651,concrete
1652,hard_tiles_large_space
1653,soft_pvc
1654,soft_pvc
1655,wood
1656,soft_pvc
1657,wood
1658,soft_pvc
1659,wood
1660,soft_pvc
1661,soft_pvc
1662,concrete
1663,wood
1664,soft_pvc
1665,soft_pvc
1666,carpet
1667,concrete
1668,concrete
1669,concrete
1670,concrete
1671,tiled
1672,fine_concrete
1673,soft_pvc
1674,soft_tiles
1675,soft_pvc
1676,concrete
1677,soft_tiles
1678,soft_tiles
1679,concrete
1680,hard_tiles_large_space
1681,fine_concrete
1682,tiled
1683,concrete
1684,concrete
1685,concrete
1686,fine_concrete
1687,concrete
1688,soft_tiles
1689,concrete
1690,hard_tiles_large_space
1691,soft_tiles
1692,soft_pvc
1693,tiled
1694,wood
1695,soft_pvc
1696,wood
1697,soft_pvc
1698,hard_tiles_large_space
1699,soft_pvc
1700,concrete
1701,soft_pvc
1702,hard_tiles
1703,tiled
1704,soft_tiles
1705,concrete
1706,soft_pvc
1707,fine_concrete
1708,carpet
1709,hard_tiles_large_space
1710,concrete
1711,soft_pvc
1712,concrete
1713,concrete
1714,concrete
1715,wood
1716,soft_pvc
1717,wood
1718,soft_pvc
1719,soft_tiles
1720,concrete
1721,hard_tiles_large_space
1722,wood
1723,soft_tiles
1724,hard_tiles_large_space
1725,soft_pvc
1726,tiled
1727,soft_pvc
1728,soft_pvc
1729,fine_concrete
1730,tiled
1731,soft_pvc
1732,tiled
1733,concrete
1734,fine_concrete
1735,hard_tiles_large_space
1736,soft_tiles
1737,soft_pvc
1738,concrete
1739,concrete
1740,concrete
1741,concrete
1742,concrete
1743,wood
1744,wood
1745,concrete
1746,wood
1747,soft_tiles
1748,hard_tiles_large_space
1749,soft_pvc
1750,soft_pvc
1751,soft_pvc
1752,concrete
1753,hard_tiles_large_space
1754,fine_concrete
1755,concrete
1756,concrete
1757,soft_pvc
1758,tiled
1759,wood
1760,wood
1761,soft_pvc
1762,fine_concrete
1763,wood
1764,tiled
1765,concrete
1766,concrete
1767,soft_pvc
1768,fine_concrete
1769,fine_concrete
1770,soft_pvc
1771,wood
1772,soft_tiles
1773,hard_tiles_large_space
1774,soft_tiles
1775,hard_tiles
1776,soft_tiles
1777,carpet
1778,concrete
1779,soft_tiles
1780,soft_pvc
1781,hard_tiles_large_space
1782,wood
1783,hard_tiles
1784,fine_concrete
1785,soft_tiles
1786,soft_pvc
1787,wood
1788,tiled
1789,soft_tiles
1790,soft_pvc
1791,carpet
1792,wood
1793,soft_pvc
1794,fine_concrete
1795,hard_tiles_large_space
1796,hard_tiles_large_space
1797,concrete
1798,concrete
1799,soft_tiles
1800,hard_tiles_large_space
1801,fine_concrete
1802,soft_pvc
1803,wood
1804,tiled
1805,soft_tiles
1806,concrete
1807,concrete
1808,soft_tiles
1809,concrete
1810,soft_pvc
1811,soft_tiles
1812,soft_pvc
1813,hard_tiles_large_space
1814,concrete
1815,wood
1816,soft_tiles
1817,hard_tiles
1818,soft_pvc
1819,soft_pvc
1820,soft_tiles
1821,soft_pvc
1822,soft_tiles
1823,wood
1824,fine_concrete
1825,soft_pvc
1826,wood
1827,concrete
1828,soft_tiles
1829,carpet
1830,tiled
1831,wood
1832,wood
1833,wood
1834,fine_concrete
1835,tiled
1836,concrete
1837,concrete
1838,soft_tiles
1839,fine_concrete
1840,soft_tiles
1841,soft_pvc
1842,soft_pvc
1843,hard_tiles_large_space
1844,hard_tiles_large_space
1845,soft_tiles
1846,tiled
1847,soft_pvc
1848,fine_concrete
1849,carpet
1850,tiled
1851,concrete
1852,soft_pvc
1853,wood
1854,hard_tiles_large_space
1855,soft_pvc
1856,fine_concrete
1857,soft_tiles
1858,soft_pvc
1859,concrete
1860,concrete
1861,concrete
1862,tiled
1863,concrete
1864,soft_pvc
1865,concrete
1866,soft_pvc
1867,soft_pvc
1868,soft_pvc
1869,tiled
1870,wood
1871,soft_pvc
1872,concrete
1873,tiled
1874,fine_concrete
1875,soft_pvc
1876,concrete
1877,soft_pvc
1878,soft_tiles
1879,wood
1880,fine_concrete
1881,tiled
1882,wood
1883,soft_pvc
1884,soft_pvc
1885,tiled
1886,soft_pvc
1887,hard_tiles_large_space
1888,soft_pvc
1889,concrete
1890,concrete
1891,wood
1892,tiled
1893,soft_tiles
1894,soft_pvc
1895,concrete
1896,fine_concrete
1897,wood
1898,concrete
1899,hard_tiles_large_space
1900,soft_pvc
1901,wood
1902,wood
1903,hard_tiles_large_space
1904,tiled
1905,soft_pvc
1906,fine_concrete
1907,fine_concrete
1908,tiled
1909,soft_tiles
1910,fine_concrete
1911,hard_tiles_large_space
1912,concrete
1913,fine_concrete
1914,wood
1915,soft_pvc
1916,soft_tiles
1917,soft_tiles
1918,concrete
1919,wood
1920,wood
1921,concrete
1922,soft_pvc
1923,concrete
1924,fine_concrete
1925,concrete
1926,fine_concrete
1927,tiled
1928,tiled
1929,soft_pvc
1930,concrete
1931,concrete
1932,soft_tiles
1933,tiled
1934,wood
1935,carpet
1936,hard_tiles_large_space
1937,soft_pvc
1938,tiled
1939,carpet
1940,wood
1941,soft_tiles
1942,concrete
1943,wood
1944,hard_tiles_large_space
1945,soft_tiles
1946,soft_tiles
1947,concrete
1948,concrete
1949,wood
1950,soft_pvc
1951,wood
1952,soft_tiles
1953,hard_tiles_large_space
1954,soft_tiles
1955,fine_concrete
1956,soft_pvc
1957,concrete
1958,hard_tiles_large_space
1959,soft_pvc
1960,concrete
1961,concrete
1962,concrete
1963,wood
1964,fine_concrete
1965,concrete
1966,hard_tiles_large_space
1967,wood
1968,soft_pvc
1969,wood
1970,soft_tiles
1971,soft_pvc
1972,concrete
1973,concrete
1974,tiled
1975,soft_tiles
1976,wood
1977,hard_tiles_large_space
1978,concrete
1979,concrete
1980,soft_tiles
1981,concrete
1982,soft_pvc
1983,tiled
1984,concrete
1985,wood
1986,fine_concrete
1987,wood
1988,concrete
1989,wood
1990,wood
1991,carpet
1992,soft_pvc
1993,concrete
1994,hard_tiles_large_space
1995,hard_tiles
1996,concrete
1997,fine_concrete
1998,wood
1999,fine_concrete
2000,soft_pvc
2001,soft_pvc
2002,carpet
2003,soft_tiles
2004,fine_concrete
2005,fine_concrete
2006,soft_pvc
2007,concrete
2008,soft_pvc
2009,soft_pvc
2010,wood
2011,tiled
2012,soft_pvc
2013,wood
2014,fine_concrete
2015,hard_tiles_large_space
2016,wood
2017,soft_tiles
2018,soft_tiles
2019,soft_pvc
2020,soft_pvc
2021,soft_tiles
2022,carpet
2023,soft_pvc
2024,soft_tiles
2025,soft_pvc
2026,hard_tiles_large_space
2027,hard_tiles_large_space
2028,soft_pvc
2029,carpet
2030,fine_concrete
2031,soft_pvc
2032,wood
2033,concrete
2034,carpet
2035,fine_concrete
2036,hard_tiles_large_space
2037,soft_pvc
2038,wood
2039,tiled
2040,concrete
2041,fine_concrete
2042,fine_concrete
2043,carpet
2044,hard_tiles_large_space
2045,tiled
2046,soft_pvc
2047,tiled
2048,soft_tiles
2049,hard_tiles_large_space
2050,tiled
2051,soft_tiles
2052,concrete
2053,soft_tiles
2054,soft_tiles
2055,wood
2056,soft_pvc
2057,soft_tiles
2058,concrete
2059,concrete
2060,concrete
2061,soft_pvc
2062,fine_concrete
2063,wood
2064,soft_tiles
2065,wood
2066,concrete
2067,soft_pvc
2068,fine_concrete
2069,fine_concrete
2070,concrete
2071,wood
2072,concrete
2073,soft_pvc
2074,soft_pvc
2075,concrete
2076,fine_concrete
2077,concrete
2078,soft_pvc
2079,soft_pvc
2080,tiled
2081,soft_tiles
2082,soft_tiles
2083,concrete
2084,fine_concrete
2085,concrete
2086,soft_tiles
2087,wood
2088,soft_pvc
2089,wood
2090,concrete
2091,soft_pvc
2092,concrete
2093,soft_pvc
2094,hard_tiles
2095,hard_tiles
2096,soft_tiles
2097,fine_concrete
2098,soft_pvc
2099,hard_tiles_large_space
2100,fine_concrete
2101,concrete
2102,concrete
2103,wood
2104,wood
2105,soft_pvc
2106,soft_pvc
2107,hard_tiles_large_space
2108,hard_tiles_large_space
2109,concrete
2110,wood
2111,soft_pvc
2112,concrete
2113,soft_tiles
2114,soft_tiles
2115,soft_tiles
2116,tiled
2117,concrete
2118,concrete
2119,soft_pvc
2120,wood
2121,wood
2122,soft_pvc
2123,fine_concrete
2124,soft_pvc
2125,soft_tiles
2126,soft_pvc
2127,hard_tiles_large_space
2128,tiled
2129,tiled
2130,carpet
2131,carpet
2132,concrete
2133,hard_tiles_large_space
2134,wood
2135,fine_concrete
2136,hard_tiles_large_space
2137,soft_tiles
2138,concrete
2139,hard_tiles_large_space
2140,concrete
2141,soft_pvc
2142,soft_pvc
2143,fine_concrete
2144,soft_tiles
2145,carpet
2146,soft_tiles
2147,soft_tiles
2148,concrete
2149,soft_tiles
2150,fine_concrete
2151,soft_pvc
2152,hard_tiles_large_space
2153,wood
2154,soft_tiles
2155,soft_tiles
2156,wood
2157,wood
2158,soft_tiles
2159,fine_concrete
2160,soft_tiles
2161,soft_pvc
2162,concrete
2163,hard_tiles_large_space
2164,hard_tiles_large_space
2165,tiled
2166,soft_pvc
2167,concrete
2168,soft_tiles
2169,tiled
2170,soft_tiles
2171,soft_tiles
2172,soft_pvc
2173,soft_tiles
2174,carpet
2175,wood
2176,concrete
2177,hard_tiles_large_space
2178,soft_pvc
2179,tiled
2180,concrete
2181,concrete
2182,concrete
2183,wood
2184,hard_tiles_large_space
2185,concrete
2186,soft_pvc
2187,wood
2188,soft_tiles
2189,soft_pvc
2190,tiled
2191,soft_tiles
2192,concrete
2193,wood
2194,soft_tiles
2195,tiled
2196,soft_pvc
2197,soft_pvc
2198,soft_tiles
2199,hard_tiles_large_space
2200,soft_tiles
2201,soft_tiles
2202,concrete
2203,concrete
2204,carpet
2205,concrete
2206,soft_pvc
2207,soft_tiles
2208,soft_tiles
2209,fine_concrete
2210,soft_pvc
2211,soft_pvc
2212,hard_tiles_large_space
2213,soft_pvc
2214,soft_pvc
2215,hard_tiles_large_space
2216,tiled
2217,soft_tiles
2218,soft_pvc
2219,fine_concrete
2220,wood
2221,wood
2222,tiled
2223,soft_pvc
2224,fine_concrete
2225,concrete
2226,soft_pvc
2227,wood
2228,fine_concrete
2229,soft_pvc
2230,fine_concrete
2231,fine_concrete
2232,soft_pvc
2233,soft_pvc
2234,concrete
2235,hard_tiles_large_space
2236,soft_tiles
2237,wood
2238,wood
2239,soft_pvc
2240,wood
2241,wood
2242,hard_tiles_large_space
2243,hard_tiles_large_space
2244,soft_pvc
2245,soft_pvc
2246,soft_pvc
2247,wood
2248,concrete
2249,hard_tiles_large_space
2250,soft_tiles
2251,carpet
2252,hard_tiles
2253,fine_concrete
2254,fine_concrete
2255,fine_concrete
2256,tiled
2257,wood
2258,soft_tiles
2259,soft_pvc
2260,soft_pvc
2261,hard_tiles
2262,wood
2263,soft_pvc
2264,soft_tiles
2265,concrete
2266,soft_pvc
2267,hard_tiles_large_space
2268,wood
2269,wood
2270,soft_pvc
2271,wood
2272,soft_pvc
2273,carpet
2274,concrete
2275,wood
2276,hard_tiles_large_space
2277,tiled
2278,wood
2279,soft_pvc
2280,concrete
2281,fine_concrete
2282,fine_concrete
2283,tiled
2284,wood
2285,concrete
2286,carpet
2287,tiled
2288,concrete
2289,concrete
2290,concrete
2291,wood
2292,tiled
2293,concrete
2294,soft_pvc
2295,concrete
2296,wood
2297,soft_tiles
2298,carpet
2299,soft_pvc
2300,soft_pvc
2301,fine_concrete
2302,soft_pvc
2303,soft_pvc
2304,soft_pvc
2305,concrete
2306,soft_pvc
2307,soft_pvc
2308,soft_pvc
2309,fine_concrete
2310,soft_pvc
2311,concrete
2312,soft_pvc
2313,soft_tiles
2314,fine_concrete
2315,wood
2316,carpet
2317,wood
2318,wood
2319,carpet
2320,soft_pvc
2321,soft_tiles
2322,hard_tiles
2323,soft_pvc
2324,wood
2325,tiled
2326,tiled
2327,soft_pvc
2328,wood
2329,wood
2330,soft_pvc
2331,soft_pvc
2332,soft_pvc
2333,soft_pvc
2334,soft_pvc
2335,wood
2336,hard_tiles_large_space
2337,soft_pvc
2338,soft_pvc
2339,wood
2340,concrete
2341,soft_pvc
2342,soft_pvc
2343,hard_tiles_large_space
2344,concrete
2345,soft_tiles
2346,concrete
2347,soft_pvc
2348,fine_concrete
2349,tiled
2350,soft_tiles
2351,concrete
2352,soft_tiles
2353,wood
2354,soft_tiles
2355,soft_tiles
2356,soft_pvc
2357,fine_concrete
2358,soft_tiles
2359,wood
2360,hard_tiles_large_space
2361,wood
2362,wood
2363,fine_concrete
2364,wood
2365,soft_pvc
2366,soft_pvc
2367,wood
2368,wood
2369,wood
2370,soft_tiles
2371,soft_pvc
2372,wood
2373,hard_tiles_large_space
2374,soft_tiles
2375,soft_pvc
2376,fine_concrete
2377,concrete
2378,fine_concrete
2379,soft_pvc
2380,concrete
2381,soft_tiles
2382,hard_tiles_large_space
2383,soft_pvc
2384,hard_tiles_large_space
2385,fine_concrete
2386,tiled
2387,carpet
2388,wood
2389,soft_pvc
2390,wood
2391,soft_tiles
2392,soft_pvc
2393,carpet
2394,wood
2395,soft_pvc
2396,hard_tiles_large_space
2397,concrete
2398,fine_concrete
2399,concrete
2400,wood
2401,hard_tiles_large_space
2402,tiled
2403,soft_tiles
2404,hard_tiles_large_space
2405,tiled
2406,soft_pvc
2407,soft_pvc
2408,concrete
2409,fine_concrete
2410,soft_pvc
2411,soft_pvc
2412,tiled
2413,fine_concrete
2414,hard_tiles
2415,carpet
2416,hard_tiles_large_space
2417,concrete
2418,soft_pvc
2419,soft_pvc
2420,carpet
2421,soft_pvc
2422,tiled
2423,carpet
2424,soft_tiles
2425,fine_concrete
2426,wood
2427,tiled
2428,fine_concrete
2429,wood
2430,hard_tiles
2431,hard_tiles_large_space
2432,hard_tiles_large_space
2433,concrete
2434,soft_pvc
2435,soft_tiles
2436,fine_concrete
2437,hard_tiles_large_space
2438,wood
2439,soft_pvc
2440,fine_concrete
2441,soft_pvc
2442,hard_tiles_large_space
2443,fine_concrete
2444,hard_tiles_large_space
2445,soft_pvc
2446,concrete
2447,soft_pvc
2448,fine_concrete
2449,soft_pvc
2450,concrete
2451,concrete
2452,soft_pvc
2453,fine_concrete
2454,concrete
2455,hard_tiles_large_space
2456,wood
2457,tiled
2458,soft_tiles
2459,concrete
2460,wood
2461,wood
2462,soft_tiles
2463,fine_concrete
2464,wood
2465,soft_pvc
2466,carpet
2467,soft_pvc
2468,fine_concrete
2469,fine_concrete
2470,wood
2471,hard_tiles_large_space
2472,soft_pvc
2473,concrete
2474,soft_tiles
2475,soft_pvc
2476,hard_tiles_large_space
2477,fine_concrete
2478,fine_concrete
2479,soft_tiles
2480,concrete
2481,soft_tiles
2482,wood
2483,wood
2484,carpet
2485,hard_tiles_large_space
2486,soft_pvc
2487,wood
2488,concrete
2489,carpet
2490,concrete
2491,concrete
2492,soft_pvc
2493,concrete
2494,concrete
2495,concrete
2496,wood
2497,fine_concrete
2498,wood
2499,fine_concrete
2500,carpet
2501,fine_concrete
2502,soft_tiles
2503,hard_tiles_large_space
2504,soft_pvc
2505,soft_pvc
2506,concrete
2507,concrete
2508,concrete
2509,carpet
2510,wood
2511,fine_concrete
2512,soft_pvc
2513,soft_tiles
2514,fine_concrete
2515,wood
2516,carpet
2517,carpet
2518,soft_pvc
2519,hard_tiles_large_space
2520,soft_tiles
2521,soft_pvc
2522,soft_pvc
2523,wood
2524,soft_pvc
2525,wood
2526,wood
2527,hard_tiles_large_space
2528,hard_tiles_large_space
2529,soft_pvc
2530,wood
2531,soft_tiles
2532,soft_pvc
2533,hard_tiles_large_space
2534,fine_concrete
2535,concrete
2536,wood
2537,soft_tiles
2538,soft_tiles
2539,soft_pvc
2540,hard_tiles_large_space
2541,fine_concrete
2542,wood
2543,tiled
2544,wood
2545,hard_tiles_large_space
2546,wood
2547,fine_concrete
2548,wood
2549,hard_tiles_large_space
2550,wood
2551,soft_tiles
2552,wood
2553,carpet
2554,hard_tiles_large_space
2555,carpet
2556,tiled
2557,concrete
2558,wood
2559,soft_pvc
2560,hard_tiles_large_space
2561,soft_tiles
2562,concrete
2563,soft_pvc
2564,wood
2565,fine_concrete
2566,concrete
2567,carpet
2568,concrete
2569,wood
2570,fine_concrete
2571,soft_pvc
2572,soft_pvc
2573,wood
2574,wood
2575,wood
2576,soft_tiles
2577,wood
2578,soft_tiles
2579,fine_concrete
2580,fine_concrete
2581,concrete
2582,wood
2583,concrete
2584,soft_pvc
2585,soft_tiles
2586,concrete
2587,concrete
2588,concrete
2589,soft_pvc
2590,soft_tiles
2591,concrete
2592,soft_pvc
2593,carpet
2594,tiled
2595,soft_tiles
2596,soft_pvc
2597,wood
2598,fine_concrete
2599,hard_tiles_large_space
2600,soft_pvc
2601,fine_concrete
2602,hard_tiles
2603,concrete
2604,concrete
2605,fine_concrete
2606,soft_pvc
2607,hard_tiles_large_space
2608,carpet
2609,hard_tiles_large_space
2610,concrete
2611,fine_concrete
2612,soft_pvc
2613,concrete
2614,soft_pvc
2615,wood
2616,fine_concrete
2617,soft_tiles
2618,soft_pvc
2619,wood
2620,wood
2621,wood
2622,soft_pvc
2623,hard_tiles_large_space
2624,wood
2625,fine_concrete
2626,soft_pvc
2627,fine_concrete
2628,soft_pvc
2629,hard_tiles
2630,concrete
2631,tiled
2632,hard_tiles_large_space
2633,wood
2634,concrete
2635,fine_concrete
2636,wood
2637,concrete
2638,concrete
2639,wood
2640,carpet
2641,carpet
2642,soft_tiles
2643,fine_concrete
2644,fine_concrete
2645,concrete
2646,soft_pvc
2647,soft_tiles
2648,concrete
2649,fine_concrete
2650,tiled
2651,soft_pvc
2652,wood
2653,hard_tiles
2654,soft_pvc
2655,tiled
2656,concrete
2657,wood
2658,hard_tiles_large_space
2659,soft_tiles
2660,fine_concrete
2661,carpet
2662,wood
2663,fine_concrete
2664,fine_concrete
2665,fine_concrete
2666,soft_pvc
2667,soft_pvc
2668,hard_tiles_large_space
2669,soft_pvc
2670,fine_concrete
2671,concrete
2672,tiled
2673,soft_pvc
2674,soft_tiles
2675,concrete
2676,soft_tiles
2677,soft_pvc
2678,hard_tiles_large_space
2679,soft_pvc
2680,soft_tiles
2681,carpet
2682,soft_tiles
2683,fine_concrete
2684,concrete
2685,concrete
2686,soft_pvc
2687,tiled
2688,carpet
2689,wood
2690,carpet
2691,carpet
2692,soft_pvc
2693,soft_pvc
2694,carpet
2695,tiled
2696,tiled
2697,hard_tiles_large_space
2698,fine_concrete
2699,soft_tiles
2700,fine_concrete
2701,carpet
2702,carpet
2703,soft_pvc
2704,hard_tiles_large_space
2705,soft_pvc
2706,fine_concrete
2707,carpet
2708,hard_tiles_large_space
2709,soft_pvc
2710,soft_pvc
2711,hard_tiles_large_space
2712,wood
2713,soft_pvc
2714,concrete
2715,concrete
2716,hard_tiles_large_space
2717,fine_concrete
2718,tiled
2719,carpet
2720,soft_tiles
2721,tiled
2722,soft_tiles
2723,carpet
2724,wood
2725,fine_concrete
2726,fine_concrete
2727,soft_pvc
2728,soft_tiles
2729,tiled
2730,carpet
2731,fine_concrete
2732,concrete
2733,soft_pvc
2734,hard_tiles_large_space
2735,concrete
2736,hard_tiles_large_space
2737,fine_concrete
2738,tiled
2739,soft_pvc
2740,concrete
2741,wood
2742,fine_concrete
2743,concrete
2744,soft_tiles
2745,hard_tiles
2746,hard_tiles_large_space
2747,concrete
2748,soft_pvc
2749,fine_concrete
2750,wood
2751,concrete
2752,concrete
2753,soft_pvc
2754,fine_concrete
2755,hard_tiles_large_space
2756,tiled
2757,soft_pvc
2758,fine_concrete
2759,wood
2760,concrete
2761,soft_pvc
2762,tiled
2763,hard_tiles_large_space
2764,soft_tiles
2765,concrete
2766,fine_concrete
2767,soft_pvc
2768,concrete
2769,concrete
2770,hard_tiles_large_space
2771,hard_tiles_large_space
2772,soft_pvc
2773,wood
2774,concrete
2775,soft_pvc
2776,soft_tiles
2777,soft_pvc
2778,concrete
2779,wood
2780,soft_pvc
2781,soft_pvc
2782,soft_pvc
2783,concrete
2784,fine_concrete
2785,tiled
2786,soft_tiles
2787,fine_concrete
2788,hard_tiles_large_space
2789,soft_pvc
2790,concrete
2791,wood
2792,soft_tiles
2793,concrete
2794,soft_tiles
2795,soft_tiles
2796,concrete
2797,soft_pvc
2798,soft_pvc
2799,concrete
2800,carpet
2801,concrete
2802,carpet
2803,fine_concrete
2804,fine_concrete
2805,carpet
2806,concrete
2807,hard_tiles_large_space
2808,wood
2809,wood
2810,soft_pvc
2811,fine_concrete
2812,hard_tiles_large_space
2813,soft_tiles
2814,concrete
2815,soft_tiles
2816,wood
2817,carpet
2818,fine_concrete
2819,fine_concrete
2820,soft_pvc
2821,concrete
2822,soft_pvc
2823,soft_pvc
2824,concrete
2825,wood
2826,soft_pvc
2827,hard_tiles_large_space
2828,soft_tiles
2829,tiled
2830,concrete
2831,tiled
2832,soft_pvc
2833,fine_concrete
2834,tiled
2835,soft_pvc
2836,soft_tiles
2837,soft_pvc
2838,carpet
2839,soft_pvc
2840,soft_pvc
2841,hard_tiles
2842,fine_concrete
2843,hard_tiles_large_space
2844,soft_pvc
2845,soft_pvc
2846,hard_tiles
2847,concrete
2848,concrete
2849,hard_tiles_large_space
2850,wood
2851,carpet
2852,wood
2853,wood
2854,wood
2855,fine_concrete
2856,concrete
2857,wood
2858,hard_tiles_large_space
2859,wood
2860,concrete
2861,wood
2862,wood
2863,hard_tiles_large_space
2864,soft_pvc
2865,concrete
2866,soft_tiles
2867,tiled
2868,fine_concrete
2869,hard_tiles
2870,wood
2871,concrete
2872,hard_tiles_large_space
2873,concrete
2874,wood
2875,tiled
2876,soft_pvc
2877,concrete
2878,hard_tiles_large_space
2879,wood
2880,carpet
2881,soft_pvc
2882,concrete
2883,soft_tiles
2884,concrete
2885,wood
2886,wood
2887,soft_pvc
2888,tiled
2889,concrete
2890,soft_tiles
2891,soft_pvc
2892,soft_tiles
2893,tiled
2894,wood
2895,fine_concrete
2896,soft_tiles
2897,soft_tiles
2898,soft_pvc
2899,fine_concrete
2900,wood
2901,soft_tiles
2902,hard_tiles_large_space
2903,soft_pvc
2904,wood
2905,hard_tiles
2906,concrete
2907,wood
2908,soft_pvc
2909,soft_pvc
2910,wood
2911,tiled
2912,tiled
2913,wood
2914,tiled
2915,concrete
2916,concrete
2917,concrete
2918,fine_concrete
2919,soft_pvc
2920,wood
2921,soft_tiles
2922,concrete
2923,fine_concrete
2924,soft_pvc
2925,carpet
2926,wood
2927,soft_tiles
2928,soft_pvc
2929,soft_pvc
2930,concrete
2931,soft_pvc
2932,tiled
2933,fine_concrete
2934,soft_pvc
2935,hard_tiles_large_space
2936,soft_pvc
2937,wood
2938,carpet
2939,tiled
2940,tiled
2941,hard_tiles_large_space
2942,hard_tiles_large_space
2943,concrete
2944,soft_pvc
2945,concrete
2946,soft_pvc
2947,wood
2948,fine_concrete
2949,concrete
2950,hard_tiles
2951,concrete
2952,soft_pvc
2953,hard_tiles_large_space
2954,hard_tiles_large_space
2955,carpet
2956,carpet
2957,hard_tiles_large_space
2958,wood
2959,soft_pvc
2960,tiled
2961,soft_pvc
2962,tiled
2963,fine_concrete
2964,soft_tiles
2965,soft_tiles
2966,soft_pvc
2967,wood
2968,fine_concrete
2969,concrete
2970,wood
2971,wood
2972,soft_tiles
2973,fine_concrete
2974,soft_tiles
2975,soft_tiles
2976,carpet
2977,soft_pvc
2978,concrete
2979,soft_pvc
2980,fine_concrete
2981,concrete
2982,soft_pvc
2983,hard_tiles_large_space
2984,fine_concrete
2985,soft_pvc
2986,concrete
2987,hard_tiles
2988,hard_tiles_large_space
2989,fine_concrete
2990,soft_pvc
2991,concrete
2992,carpet
2993,wood
2994,fine_concrete
2995,soft_tiles
2996,tiled
2997,concrete
2998,hard_tiles_large_space
2999,soft_pvc
3000,wood
3001,soft_tiles
3002,wood
3003,fine_concrete
3004,carpet
3005,soft_pvc
3006,wood
3007,soft_pvc
3008,soft_tiles
3009,soft_pvc
3010,wood
3011,soft_pvc
3012,carpet
3013,soft_tiles
3014,concrete
3015,concrete
3016,soft_tiles
3017,fine_concrete
3018,fine_concrete
3019,soft_pvc
3020,wood
3021,tiled
3022,tiled
3023,soft_tiles
3024,soft_pvc
3025,tiled
3026,carpet
3027,fine_concrete
3028,wood
3029,soft_pvc
3030,soft_tiles
3031,concrete
3032,concrete
3033,hard_tiles_large_space
3034,carpet
3035,fine_concrete
3036,wood
3037,soft_pvc
3038,soft_tiles
3039,soft_pvc
3040,soft_pvc
3041,concrete
3042,hard_tiles_large_space
3043,concrete
3044,concrete
3045,wood
3046,fine_concrete
3047,hard_tiles_large_space
3048,wood
3049,fine_concrete
3050,wood
3051,soft_pvc
3052,concrete
3053,concrete
3054,hard_tiles_large_space
3055,concrete
3056,wood
3057,soft_tiles
3058,hard_tiles_large_space
3059,soft_pvc
3060,concrete
3061,carpet
3062,soft_tiles
3063,tiled
3064,wood
3065,concrete
3066,soft_pvc
3067,concrete
3068,concrete
3069,wood
3070,fine_concrete
3071,hard_tiles_large_space
3072,fine_concrete
3073,wood
3074,soft_pvc
3075,concrete
3076,soft_tiles
3077,concrete
3078,hard_tiles_large_space
3079,soft_pvc
3080,soft_tiles
3081,hard_tiles_large_space
3082,concrete
3083,fine_concrete
3084,soft_tiles
3085,wood
3086,wood
3087,wood
3088,soft_pvc
3089,hard_tiles_large_space
3090,soft_pvc
3091,soft_pvc
3092,soft_pvc
3093,wood
3094,concrete
3095,wood
3096,hard_tiles
3097,concrete
3098,carpet
3099,soft_pvc
3100,wood
3101,carpet
3102,soft_pvc
3103,wood
3104,soft_pvc
3105,carpet
3106,wood
3107,carpet
3108,wood
3109,soft_tiles
3110,soft_tiles
3111,fine_concrete
3112,soft_tiles
3113,soft_tiles
3114,soft_pvc
3115,concrete
3116,concrete
3117,wood
3118,concrete
3119,hard_tiles_large_space
3120,concrete
3121,soft_pvc
3122,hard_tiles_large_space
3123,soft_tiles
3124,hard_tiles_large_space
3125,concrete
3126,soft_tiles
3127,wood
3128,wood
3129,soft_pvc
3130,hard_tiles_large_space
3131,wood
3132,wood
3133,soft_pvc
3134,tiled
3135,hard_tiles_large_space
3136,concrete
3137,hard_tiles_large_space
3138,carpet
3139,soft_pvc
3140,soft_pvc
3141,soft_pvc
3142,wood
3143,soft_pvc
3144,wood
3145,soft_pvc
3146,concrete
3147,concrete
3148,soft_pvc
3149,wood
3150,fine_concrete
3151,soft_tiles
3152,concrete
3153,fine_concrete
3154,wood
3155,wood
3156,hard_tiles_large_space
3157,fine_concrete
3158,concrete
3159,concrete
3160,hard_tiles_large_space
3161,soft_pvc
3162,hard_tiles_large_space
3163,wood
3164,wood
3165,hard_tiles_large_space
3166,soft_tiles
3167,soft_tiles
3168,tiled
3169,soft_pvc
3170,hard_tiles
3171,concrete
3172,soft_tiles
3173,concrete
3174,soft_pvc
3175,fine_concrete
3176,wood
3177,hard_tiles_large_space
3178,concrete
3179,concrete
3180,wood
3181,hard_tiles_large_space
3182,soft_pvc
3183,concrete
3184,concrete
3185,hard_tiles
3186,carpet
3187,hard_tiles_large_space
3188,soft_tiles
3189,carpet
3190,carpet
3191,concrete
3192,wood
3193,fine_concrete
3194,hard_tiles
3195,tiled
3196,carpet
3197,fine_concrete
3198,concrete
3199,concrete
3200,fine_concrete
3201,hard_tiles_large_space
3202,hard_tiles_large_space
3203,concrete
3204,concrete
3205,hard_tiles_large_space
3206,fine_concrete
3207,soft_pvc
3208,wood
3209,fine_concrete
3210,soft_pvc
3211,wood
3212,tiled
3213,tiled
3214,hard_tiles_large_space
3215,soft_tiles
3216,soft_pvc
3217,soft_pvc
3218,soft_tiles
3219,tiled
3220,fine_concrete
3221,carpet
3222,carpet
3223,soft_pvc
3224,tiled
3225,soft_tiles
3226,concrete
3227,soft_tiles
3228,soft_pvc
3229,soft_pvc
3230,soft_pvc
3231,soft_tiles
3232,soft_pvc
3233,concrete
3234,concrete
3235,soft_tiles
3236,soft_pvc
3237,hard_tiles_large_space
3238,soft_tiles
3239,concrete
3240,soft_pvc
3241,concrete
3242,fine_concrete
3243,wood
3244,concrete
3245,concrete
3246,hard_tiles_large_space
3247,concrete
3248,wood
3249,concrete
3250,soft_tiles
3251,wood
3252,wood
3253,concrete
3254,wood
3255,concrete
3256,wood
3257,wood
3258,carpet
3259,wood
3260,soft_tiles
3261,fine_concrete
3262,hard_tiles
3263,concrete
3264,concrete
3265,fine_concrete
3266,tiled
3267,hard_tiles_large_space
3268,soft_pvc
3269,soft_tiles
3270,tiled
3271,soft_pvc
3272,hard_tiles_large_space
3273,soft_pvc
3274,concrete
3275,soft_pvc
3276,concrete
3277,soft_pvc
3278,wood
3279,concrete
3280,fine_concrete
3281,hard_tiles_large_space
3282,soft_pvc
3283,fine_concrete
3284,carpet
3285,wood
3286,hard_tiles
3287,fine_concrete
3288,fine_concrete
3289,soft_pvc
3290,concrete
3291,soft_tiles
3292,tiled
3293,concrete
3294,concrete
3295,concrete
3296,hard_tiles_large_space
3297,hard_tiles_large_space
3298,concrete
3299,wood
3300,hard_tiles
3301,tiled
3302,soft_pvc
3303,concrete
3304,hard_tiles_large_space
3305,fine_concrete
3306,concrete
3307,concrete
3308,soft_pvc
3309,tiled
3310,soft_tiles
3311,soft_pvc
3312,soft_pvc
3313,wood
3314,wood
3315,wood
3316,hard_tiles_large_space
3317,carpet
3318,carpet
3319,hard_tiles_large_space
3320,hard_tiles
3321,soft_tiles
3322,soft_pvc
3323,hard_tiles_large_space
3324,soft_pvc
3325,hard_tiles_large_space
3326,soft_tiles
3327,soft_pvc
3328,soft_tiles
3329,soft_pvc
3330,soft_pvc
3331,concrete
3332,fine_concrete
3333,soft_pvc
3334,hard_tiles_large_space
3335,wood
3336,hard_tiles_large_space
3337,soft_pvc
3338,soft_pvc
3339,wood
3340,soft_pvc
3341,soft_pvc
3342,hard_tiles_large_space
3343,fine_concrete
3344,soft_pvc
3345,hard_tiles_large_space
3346,wood
3347,soft_pvc
3348,fine_concrete
3349,hard_tiles
3350,tiled
3351,soft_pvc
3352,tiled
3353,soft_pvc
3354,carpet
3355,soft_pvc
3356,fine_concrete
3357,soft_tiles
3358,hard_tiles_large_space
3359,concrete
3360,concrete
3361,wood
3362,concrete
3363,soft_tiles
3364,fine_concrete
3365,tiled
3366,hard_tiles_large_space
3367,carpet
3368,soft_tiles
3369,wood
3370,soft_pvc
3371,soft_pvc
3372,soft_tiles
3373,tiled
3374,fine_concrete
3375,soft_pvc
3376,soft_pvc
3377,concrete
3378,hard_tiles
3379,wood
3380,soft_pvc
3381,concrete
3382,tiled
3383,fine_concrete
3384,wood
3385,hard_tiles_large_space
3386,concrete
3387,hard_tiles
3388,soft_pvc
3389,concrete
3390,tiled
3391,soft_pvc
3392,carpet
3393,soft_tiles
3394,tiled
3395,tiled
3396,wood
3397,soft_tiles
3398,hard_tiles_large_space
3399,carpet
3400,soft_tiles
3401,soft_tiles
3402,wood
3403,wood
3404,tiled
3405,fine_concrete
3406,soft_pvc
3407,wood
3408,hard_tiles_large_space
3409,fine_concrete
3410,tiled
3411,soft_pvc
3412,concrete
3413,fine_concrete
3414,fine_concrete
3415,concrete
3416,wood
3417,hard_tiles_large_space
3418,carpet
3419,concrete
3420,carpet
3421,fine_concrete
3422,fine_concrete
3423,carpet
3424,carpet
3425,concrete
3426,concrete
3427,wood
3428,fine_concrete
3429,concrete
3430,concrete
3431,concrete
3432,concrete
3433,tiled
3434,concrete
3435,soft_tiles
3436,carpet
3437,carpet
3438,soft_pvc
3439,carpet
3440,soft_tiles
3441,wood
3442,hard_tiles
3443,wood
3444,tiled
3445,soft_pvc
3446,wood
3447,concrete
3448,soft_pvc
3449,soft_tiles
3450,soft_pvc
3451,hard_tiles_large_space
3452,soft_pvc
3453,soft_pvc
3454,wood
3455,carpet
3456,soft_pvc
3457,soft_pvc
3458,carpet
3459,soft_pvc
3460,tiled
3461,fine_concrete
3462,soft_pvc
3463,hard_tiles_large_space
3464,fine_concrete
3465,wood
3466,hard_tiles_large_space
3467,soft_pvc
3468,soft_pvc
3469,concrete
3470,wood
3471,soft_tiles
3472,hard_tiles_large_space
3473,hard_tiles_large_space
3474,concrete
3475,wood
3476,wood
3477,soft_tiles
3478,soft_pvc
3479,soft_tiles
3480,wood
3481,concrete
3482,fine_concrete
3483,soft_pvc
3484,wood
3485,carpet
3486,concrete
3487,soft_pvc
3488,tiled
3489,wood
3490,fine_concrete
3491,wood
3492,tiled
3493,soft_pvc
3494,wood
3495,tiled
3496,concrete
3497,soft_pvc
3498,hard_tiles_large_space
3499,soft_tiles
3500,hard_tiles_large_space
3501,wood
3502,wood
3503,hard_tiles_large_space
3504,soft_pvc
3505,fine_concrete
3506,soft_pvc
3507,hard_tiles_large_space
3508,soft_pvc
3509,wood
3510,fine_concrete
3511,concrete
3512,hard_tiles_large_space
3513,concrete
3514,wood
3515,soft_pvc
3516,soft_tiles
3517,concrete
3518,wood
3519,soft_pvc
3520,soft_pvc
3521,wood
3522,tiled
3523,soft_pvc
3524,concrete
3525,soft_pvc
3526,fine_concrete
3527,tiled
3528,fine_concrete
3529,wood
3530,soft_tiles
3531,soft_tiles
3532,wood
3533,soft_pvc
3534,wood
3535,soft_tiles
3536,hard_tiles_large_space
3537,hard_tiles_large_space
3538,concrete
3539,carpet
3540,soft_pvc
3541,tiled
3542,carpet
3543,wood
3544,hard_tiles_large_space
3545,wood
3546,wood
3547,hard_tiles
3548,concrete
3549,soft_tiles
3550,hard_tiles_large_space
3551,soft_pvc
3552,soft_pvc
3553,concrete
3554,soft_tiles
3555,fine_concrete
3556,wood
3557,hard_tiles_large_space
3558,hard_tiles
3559,concrete
3560,concrete
3561,concrete
3562,soft_pvc
3563,carpet
3564,soft_pvc
3565,soft_tiles
3566,soft_pvc
3567,soft_tiles
3568,fine_concrete
3569,concrete
3570,soft_pvc
3571,soft_tiles
3572,carpet
3573,fine_concrete
3574,concrete
3575,hard_tiles_large_space
3576,hard_tiles
3577,concrete
3578,soft_tiles
3579,tiled
3580,wood
3581,concrete
3582,soft_pvc
3583,soft_pvc
3584,hard_tiles
3585,concrete
3586,fine_concrete
3587,soft_pvc
3588,soft_tiles
3589,wood
3590,hard_tiles
3591,hard_tiles_large_space
3592,fine_concrete
3593,soft_pvc
3594,concrete
3595,hard_tiles_large_space
3596,fine_concrete
3597,wood
3598,soft_pvc
3599,concrete
3600,hard_tiles_large_space
3601,tiled
3602,soft_pvc
3603,soft_tiles
3604,tiled
3605,concrete
3606,concrete
3607,wood
3608,hard_tiles
3609,concrete
3610,soft_tiles
3611,carpet
3612,concrete
3613,wood
3614,concrete
3615,tiled
3616,concrete
3617,hard_tiles
3618,carpet
3619,soft_pvc
3620,hard_tiles_large_space
3621,hard_tiles_large_space
3622,hard_tiles
3623,soft_pvc
3624,hard_tiles_large_space
3625,concrete
3626,soft_tiles
3627,soft_pvc
3628,fine_concrete
3629,wood
3630,hard_tiles
3631,fine_concrete
3632,fine_concrete
3633,hard_tiles_large_space
3634,tiled
3635,soft_tiles
3636,hard_tiles_large_space
3637,soft_pvc
3638,tiled
3639,wood
3640,hard_tiles_large_space
3641,concrete
3642,soft_tiles
3643,hard_tiles_large_space
3644,fine_concrete
3645,carpet
3646,hard_tiles_large_space
3647,wood
3648,hard_tiles
3649,concrete
3650,soft_tiles
3651,wood
3652,soft_tiles
3653,soft_pvc
3654,concrete
3655,concrete
3656,fine_concrete
3657,hard_tiles
3658,tiled
3659,concrete
3660,soft_pvc
3661,concrete
3662,soft_pvc
3663,fine_concrete
3664,hard_tiles_large_space
3665,wood
3666,hard_tiles_large_space
3667,wood
3668,concrete
3669,hard_tiles_large_space
3670,fine_concrete
3671,concrete
3672,soft_tiles
3673,concrete
3674,fine_concrete
3675,hard_tiles_large_space
3676,concrete
3677,fine_concrete
3678,concrete
3679,fine_concrete
3680,hard_tiles_large_space
3681,fine_concrete
3682,concrete
3683,soft_pvc
3684,fine_concrete
3685,hard_tiles_large_space
3686,hard_tiles_large_space
3687,concrete
3688,concrete
3689,soft_pvc
3690,tiled
3691,concrete
3692,tiled
3693,soft_tiles
3694,wood
3695,soft_pvc
3696,wood
3697,wood
3698,wood
3699,soft_tiles
3700,concrete
3701,hard_tiles_large_space
3702,wood
3703,tiled
3704,soft_tiles
3705,concrete
3706,soft_tiles
3707,wood
3708,wood
3709,concrete
3710,concrete
3711,hard_tiles
3712,soft_pvc
3713,concrete
3714,concrete
3715,soft_pvc
3716,concrete
3717,hard_tiles_large_space
3718,carpet
3719,tiled
3720,tiled
3721,soft_tiles
3722,fine_concrete
3723,hard_tiles_large_space
3724,hard_tiles_large_space
3725,soft_pvc
3726,tiled
3727,hard_tiles_large_space
3728,soft_tiles
3729,soft_tiles
3730,hard_tiles
3731,wood
3732,tiled
3733,soft_pvc
3734,hard_tiles_large_space
3735,concrete
3736,soft_pvc
3737,wood
3738,soft_pvc
3739,wood
3740,fine_concrete
3741,concrete
3742,tiled
3743,soft_pvc
3744,concrete
3745,soft_pvc
3746,wood
3747,fine_concrete
3748,hard_tiles_large_space
3749,wood
3750,soft_tiles
3751,wood
3752,fine_concrete
3753,soft_tiles
3754,wood
3755,soft_tiles
3756,soft_tiles
3757,wood
3758,wood
3759,hard_tiles_large_space
3760,concrete
3761,carpet
3762,hard_tiles_large_space
3763,fine_concrete
3764,concrete
3765,fine_concrete
3766,concrete
3767,concrete
3768,soft_pvc
3769,soft_pvc
3770,tiled
3771,soft_tiles
3772,concrete
3773,hard_tiles_large_space
3774,soft_tiles
3775,tiled
3776,concrete
3777,concrete
3778,concrete
3779,soft_pvc
3780,fine_concrete
3781,fine_concrete
3782,soft_pvc
3783,soft_pvc
3784,soft_tiles
3785,hard_tiles_large_space
3786,soft_pvc
3787,concrete
3788,concrete
3789,fine_concrete
3790,hard_tiles_large_space
3791,concrete
3792,hard_tiles_large_space
3793,soft_pvc
3794,concrete
3795,fine_concrete
3796,hard_tiles_large_space
3797,concrete
3798,wood
3799,concrete
3800,soft_tiles
3801,wood
3802,hard_tiles
3803,concrete
3804,concrete
3805,wood
3806,tiled
3807,soft_pvc
3808,concrete
3809,soft_pvc
3810,soft_pvc
3811,soft_pvc
3812,wood
3813,concrete
3814,concrete
3815,wood
